{
    "Gparams":[5.1390896948824609E-7,
      56.494420229735589,
      1.7536414755306042,
      2.3857634183964078E-8,
      0.46120565450064932,
      0.95593875706040665,
      38.5079566561488,
      344.71689671856791,
      0.13587885545199183,
      36.790398429499618,
      59.626155300178226,
      386.10493999325354,
      0.62465189480021766,
      29.381428616059814],

    "Cparams":{
        "G_tot":15e-6,
        "gamma":9e2,
        "DCaT":1.5e-5,
        "Rf":4,
        "gam_in":40,
        "gam_out":4
    },

    "fixed_buffer":{
        "koff_B":1e4,
        "kon_B":1e8,
        "B_tot":0.004
    },

    "ATP":{
        "koff_ATP":100,
        "kon_ATP":10,
        "ATP_tot":0.0002
    },

    "free_buffer":{
        "kon_free":7.3,
        "koff_free":252,
        "free_tot":0.00018
    }
}